name,d_model,d_ff,num_layers,num_heads,batch_size,context_length,step_name,min,max,mean,std,warmup
small,768,3072,12,12,4,512,forward,0.02038710191845894,0.02069796994328499,0.020476643368601798,9.09835701640839e-05,1
small,768,3072,12,12,4,512,forward+backward,0.06297716312110424,0.0631580799818039,0.06305180471390485,6.3088247897048e-05,1
small,768,3072,12,12,4,512,training-loop,0.0674656592309475,0.06766095571219921,0.06756957825273276,6.839088068731684e-05,1
medium,1024,4096,24,16,4,512,forward,0.055239832028746605,0.05544354394078255,0.05531798098236322,5.414121234566333e-05,1
medium,1024,4096,24,16,4,512,forward+backward,0.17316429689526558,0.17342676408588886,0.1733023451641202,8.075443704927773e-05,1
medium,1024,4096,24,16,4,512,training-loop,0.1854418572038412,0.18586316891014576,0.18560797851532698,0.0001566838060736109,1
large,1280,5120,36,20,4,512,forward,0.12335018254816532,0.12380719929933548,0.12352292276918889,0.00012374356443014333,1
large,1280,5120,36,20,4,512,forward+backward,0.393546998500824,0.3941883686929941,0.39376636072993276,0.00018091370892602942,1
large,1280,5120,36,20,4,512,training-loop,0.4203912001103163,0.4213563147932291,0.4208093646913767,0.0002895421904661869,1
